Smiles,pChEMBL Value,classe_real,classe_predita,prob_ativo
Cc1cc(F)ccc1-c1sc2cc(O)ccc2c1Oc1ccc(/C=C/C(=O)O)cc1,8.4,1,1,0.6621180387718858
CCC(=C(c1ccc(N)cc1)c1ccc(NCC(N)=O)cc1)c1ccc([N+](=O)[O-])cc1,6.35,0,0,0.12177067517401434
COc1cccc(-c2nnc(NC(=O)Cc3cccs3)s2)c1,4.72,0,0,0.1148458541653845
O=C1C=C2c3ccc4[nH]ncc4c3CC2(Cc2ccccc2)CC1,5.41,0,0,0.13731352379557285
COC[C@H](C)CN1[C@H](c2c(F)cc(/C=C/C(=O)O)cc2F)c2ccc(O)cc2C[C@H]1C,8.55,1,1,1.0
CCN(c1ccc(OCCCCCCCCC(=O)N[C@H](C(=O)N2C[C@H](O)C[C@H]2C(=O)NCc2ccc(-c3scnc3C)cc2)C(C)(C)C)cc1)S(=O)(=O)C1CC2OC1C(c1ccc(O)cc1)=C2c1ccc(O)cc1,5.29,0,0,0.10530473249268585
O=c1c2c(O)cc(O)cc2ncn1-c1ccc(O)cc1Cl,5.2,0,0,0.0
Cc1c(-c2ccc(O)cc2)n(Cc2ccc(OCCN3CCCC(C)C3)cc2)c2ccc(O)cc12,6.77,0,1,0.8600963782699784
CN1CCN(CCN2C(=O)N(C)C3=C(C(=O)c4ccccc43)C2c2ccc(C(F)(F)F)cc2)CC1,7.14,1,1,0.5665193712567599
Cc1c(-c2ccc(OC(C)C)cc2)n(Cc2ccc(OCCN3CCCCCC3)cc2)c2ccc(O)cc12,7.1,1,1,0.7892917678432327
CCC(=C(c1ccc(O)cc1)c1ccc(/C=C/C(=O)NCCCNC(=O)CCc2nc3ccc(OC)cc3[nH]2)cc1)c1ccccc1,8.39,1,1,0.8865932426728367
Cc1cc(C)n2nc(SCc3cc(=O)oc4cc(O)ccc34)nc2n1,4.99,0,0,0.0
O=C1CCC2(Cc3ccccc3)Cc3cc(O)ccc3C2=C1c1ccc(OCCN2CCOCC2)cc1,7.6,1,1,0.8103629582605223
O=c1c2c(O)cc(O)cc2[nH]c(=S)n1-c1ccc(O)cc1,4.95,0,0,0.0
Oc1ccc(C2CCc3cc(O)ccc3N2c2ccc(OCCN3CCCCC3)cc2)cc1,8.6,1,1,1.0
CCCCc1cc2ccccc2c(Oc2ccc(/C=C/C(=O)O)cc2)c1-c1ccc(O)cc1,7.28,1,1,0.9673361027722811
CC/C(=C(/c1ccc(/C=C/C(=O)O)cc1)c1cc2ccccc2[nH]1)c1cccc(Cl)c1Cl,8.5,1,1,1.0
CCC(=O)Oc1ccc(/C(CC)=C(\CC)c2ccc(OC(=O)CC)cc2)cc1,4.74,0,0,0.3067092039241904
CC(C)(C#N)c1cc(CSc2ccc(OS(N)(=O)=O)cc2)cc(Cn2cncn2)c1,8.46,1,0,0.0
CCCCCCCCCCCc1c(O)cc(O)c2c1O[C@H](c1ccc(O)cc1)CC2=O,5.99,0,0,0.4979367181603428
O=C(CCCn1c(=S)[nH]c2ccccc2c1=O)N1CCN(c2cccc(O)c2)CC1,5.79,0,0,0.13806673078188783
Cc1cc(C)c2c(c1)c(=O)oc1c(C)c(O)ccc12,5.43,0,0,0.0
CN1CCN(c2ccc([C@@H]3Oc4ccc(O)cc4S[C@@H]3c3ccc(O)cc3)cc2)CC1,9.0,1,1,0.8874079064822714
C[C@@H]1CCN(CCOc2ccc([C@@H]3Oc4ccc(O)cc4S[C@@H]3c3ccc(O)cc3)cc2)C1,8.52,1,1,1.0
Cl.OCCC/C(=C(\c1ccc(O)cc1)c1ccc(OCCN2CCCCC2)cc1)c1ccccc1,6.58,0,0,0.0
CCC(=C(c1ccc(O)cc1)c1ccc(/C=C/C(=O)O)cc1)c1ccccc1,9.0,1,1,1.0
O=C(COc1cccc2c1C(=O)N(C1CCC(=O)NC1=O)C2=O)NCCCCCCCCOc1ccc(N(CC(F)(F)F)S(=O)(=O)C2CC3OC2C(c2ccc(O)cc2)=C3c2ccc(O)cc2)cc1,5.84,0,0,0.0
COc1ccc2c(c1)C(=O)c1c-2n(-c2ccc(OCCN3CCCCC3)cc2)c(=O)c2cc(OC)ccc12,4.6,0,0,0.06647075363805008
CCC(CC)=C(c1ccc(O)cc1)c1ccc(OCCN)cc1,6.56,0,1,1.0
Oc1ccc(-n2cnc3cc(O)cc(O)c3c2=S)cc1,5.58,0,0,0.10687503168759042
Cc1c(-c2ccccc2)n(Cc2ccc(OCCN3CCCCC3)cc2)c2ccc(O)cc12,7.52,1,0,0.0989607513948351
CC/C(=C(/c1ccc(/C=C/C(=O)O)cc1)c1cc2ccccc2[nH]1)c1ccc(F)cc1Cl,8.8,1,1,1.0
CCOC(=O)/C=C/c1ccc(C(=C2C3CC4CC(C3)CC2C4)c2ccc(O)cc2)cc1,8.48,1,1,1.0
O/N=C/c1c(Cl)cc(-c2ccc(O)c(F)c2)cc1Cl,6.57,0,0,0.2736663264133335
CC[C@](C)(c1ccccc1)[C@@H](c1ccc(O)cc1)c1ccc(OCCCC(=O)O)cc1,5.22,0,0,0.2463489621744253
CC(=C(c1ccc(N)cc1)c1ccc(N)cc1)c1ccc([N+](=O)[O-])cc1,6.67,0,0,0.4319763185090357
Cl.OCCC/C(=C(\c1ccc(O)cc1)c1ccc(OCCN2CC2)cc1)c1ccccc1,6.53,0,0,0.0
O=C(O)CCCCCCC(=O)Nc1ccc(C2=C(c3ccc(O)cc3)C3CC(S(=O)(=O)Oc4cccc5ccccc45)C2O3)cc1,6.92,0,0,0.0
O/N=C/c1ccc(-c2ccccc2)c(-c2ccccc2)c1,9.82,1,1,0.6936663583021038
Cl.OCCC/C(=C(\c1ccc(O)cc1)c1ccc(OCCN2CCC3(CCCC3)C2)cc1)c1ccccc1,6.59,0,0,0.0
O=C1CCC2(Cc3ccccc3)Cc3cc(O)ccc3C2=C1c1ccc(O)cc1,6.66,0,1,1.0
O=C(CCCCCn1c(=S)[nH]c2ccccc2c1=O)N1CCN(c2cccc([N+](=O)[O-])c2)CC1,6.08,0,0,0.4918558053739362
Cc1c(-c2ccc(O)cc2)n(Cc2ccc(OCCN3CCCCCC3)cc2)c2ccc(O)cc12,6.47,0,1,0.75
Cn1c(C(=O)Nc2ccc3c(c2)OCO3)cc2c(=O)n(C)c3ccccc3c21,4.65,0,0,0.0
Oc1ccc(-c2c(Cl)c3cc(O)ccc3n2Cc2ccc(OCCN3CCCC3)cc2)cc1,8.4,1,1,1.0
C/C(=C(/c1ccc(O)cc1)c1ccc(OCCN2CCCCC2)cc1)c1ccccc1,9.4,1,1,0.755120807682147
CCc1c(O)ccc2c1oc(=O)c1cc(Br)ccc12,5.26,0,0,0.0
CCC(=C(c1ccc(O)cc1)c1ccc(OCCN(C)C)cc1)c1ccccc1,8.24,1,1,1.0
COc1ccc(OCCC(=O)OCC(=O)NCc2ccco2)cc1,4.48,0,0,0.0
CC1(c2ccc(OCCN3CCCCC3)cc2)c2ccc(O)cc2CCN1c1ccc(F)cc1,7.42,1,1,1.0
Cc1ncsc1-c1ccc(CNC(=O)[C@@H]2C[C@@H](O)CN2C(=O)[C@@H](NC(=O)CCCCCOc2ccc(N(CC(F)(F)F)S(=O)(=O)C3CC4OC3C(c3ccc(O)cc3)=C4c3ccc(O)cc3)cc2)C(C)(C)C)cc1,5.54,0,0,0.12770876977763565
COC(=O)c1ccc2c(=O)n(CCCCCC(=O)NCc3ccc4c(c3)OCO4)c(=O)[nH]c2c1,4.83,0,0,0.0
CN1CCN(c2ccc(-c3cc(=O)c4ccccc4o3)cc2)CC1,5.52,0,0,0.0
Cc1ccc(OCCNCCCF)cc1[C@@H]1c2[nH]c3ccccc3c2C[C@@H](C)N1CC(F)(F)F,8.4,1,1,0.5690040755488937
C#C[C@]1(O)CC[C@H]2[C@@H]3CCC4=CC(=O)CCC4=C3[C@@H](c3ccc(N(C)C(=O)CNC(=O)OC4CC[C@@]5(C)[C@@H](C4)C[C@@H](O)[C@@H]4[C@@H]5C[C@H](O)[C@]5(C)[C@@H]([C@H](C)CCC(=O)O)CC[C@@H]45)cc3)C[C@@]21C,7.96,1,1,0.9251925672791894
Cc1ncsc1-c1ccc([C@@H](C)NC(=O)[C@H]2C[C@H](O)CN2C(=O)[C@H](NC(=O)COCCOCCOCCOc2ccc(N(CC(F)(F)F)S(=O)(=O)C3CC4OC3C(c3ccc(-n5ccnc5)cc3)=C4c3ccc(O)cc3)cc2)C(C)(C)C)cc1,7.11,1,1,0.7719474219249612
CCOc1cccc2cc(-c3nnc(NCc4ccco4)s3)c(=O)oc12,4.57,0,0,0.0
Cc1nnc(Oc2ccccc2F)c2ccccc12,4.52,0,0,0.0
CC/C(=C(/c1ccc(/C=C/C(=O)O)cc1)c1ccc(-c2cnn(C)c2)cc1)c1ccccc1Cl,7.62,1,1,0.7211203040539522
O=C(CCCCCn1c(=S)[nH]c2ccccc2c1=O)N1CCC(N(Cc2ccccc2)c2ccccc2)CC1,6.92,0,0,0.4275583112651403
O=S(=O)(Oc1ccc(F)cc1)C1CC2OC1C(c1ccc(O)cc1)=C2c1ccc(-n2ccnc2)cc1,6.85,0,0,0.06346207003759387
CC(C)(c1ccc(O)cc1)c1ccc(O)cc1,6.3,0,0,0.0
O=S(=O)(Oc1ccc(Cl)cc1)C1CC2OC1C(c1ccc(/C=C/c3cc(O)cc(O)c3)cc1)=C2c1ccc(O)cc1,7.14,1,0,0.14096306049421095
O/N=C/c1ccc(-c2ccc(O)cc2)c2ccccc12,7.02,1,0,0.1838138955829938
Oc1ccc(C2CCc3cc(O)ccc3N2)cc1,6.77,0,0,0.0
CC(=O)N[C@@H](Cc1cnc[nH]1)C(=O)N[C@@H](CCCCN)C(=O)N[C@@]1(C)CCC/C=C\CCC[C@@](C)(C(=O)N[C@@H](CC(C)C)C(=O)N[C@@H](CCC(N)=O)C(=O)N[C@@H](CC(=O)O)C(=O)N[C@@H](CO)C(N)=O)NC(=O)[C@H](CCC(N)=O)NC(=O)[C@H](Cc2cnc[nH]2)NC(=O)[C@H](CC(C)C)NC1=O,6.12,0,0,0.25611176810341746
CCCCCCCCCC(=O)Oc1ccc(/C(=C(/C)c2ccccc2)c2ccc(OCCN3CCCCC3)cc2)cc1,7.09,1,1,1.0
CC/C(=C(\c1ccccc1)c1cccc(OCCN2CCCC2)c1)c1ccccc1,7.09,1,0,0.31486215543782203
Cc1cccc(OS(=O)(=O)C2CC3OC2C(c2ccc(NC(=O)CCCCCCC(=O)NO)cc2)=C3c2ccc(O)cc2)c1,5.35,0,0,0.4872716472868691
O=C(O)c1ccc2c(c1)[C@@H]1C=CC[C@@H]1[C@H](c1ccccn1)N2,5.02,0,0,0.2710899442338274
CN(c1ccccc1)S(=O)(=O)C1CC2OC1C(c1ccc(NC(=O)CCCCCCC(=O)O)cc1)=C2c1ccc(O)cc1,7.62,1,0,0.41941807245094753
CC[C@H](C)[C@@H]1NC(=O)[C@H](NC(=O)[C@@H](N)CCCCN)CSSC[C@@H](C(=O)N[C@@H](CCCNC(=N)N)C(=O)N[C@@H](CC(C)C)C(=O)N[C@@H](CC(C)C)C(=O)N[C@@H](CCC(N)=O)C(N)=O)NC(=O)[C@H](CC(C)C)NC1=O,7.46,1,0,0.3138999382111862
CCCCCCCCCCCCCCNCCOc1ccc(/C(=C(/CC)c2ccccc2)c2ccc(O)cc2)cc1,7.96,1,1,0.7420279048141838
O=C1[C@@H](c2ccccc2)[C@H](c2ccc(O)cc2)N1c1ccc(O)cc1,6.64,0,0,0.2783367589670005
O=C1Oc2cc(O)cc(Cc3ccccc3)c2CC1c1ccc(Cl)cc1,6.92,0,0,9.682065883838798e-08
Cc1ccc(-c2c(C)c3cc(O)ccc3n2Cc2ccc(OCCN3CCCCC3)cc2)cc1,6.96,0,0,0.3962181690339153
O=C(c1ccc(N2CCN(C(=O)c3ccccc3Cl)CC2)cc1)c1c(-c2ccc(O)cc2)sc2cc(O)ccc12,8.76,1,1,1.0
COc1nc(-c2ccc(Cl)cc2)ccc1-c1noc(-c2ccco2)n1,4.96,0,0,0.0
CCC(CC)(c1cc(C)c(O)c(C)c1)c1cc(C)c(O)c(C)c1,7.13,1,1,0.662315670891893
CC(Cc1ccc(O)c(O)c1)C(C)Cc1ccc(O)c(O)c1,4.65,0,0,0.13884031261213448
CN(C)CCOc1ccc(Cn2c3ccccc3c3sc4cc(O)ccc4c32)cc1,7.29,1,1,1.0
CC(C)N1CCC(c2ccc(/C(=C(/CCCO)c3ccccc3)c3ccc(O)cc3)cc2)C1.Cl,5.31,0,0,0.0
CN(C)CCSSCCNC(=O)C1CCN(C(=O)C(C)(C)Oc2ccc(Cl)cc2)CC1,4.72,0,0,0.24572036862753346
C[C@H](COc1ccc([C@@H]2Oc3ccc(O)cc3S[C@@H]2c2ccc(O)cc2)cc1)N1CCCC1,8.77,1,1,1.0
C[C@]12CC[C@@H]3c4ccc(O)cc4CC[C@H]3[C@@H]1CC[C@@H]2O,8.24,1,1,1.0
C[C@@H]1Cc2c([nH]c3ccccc23)[C@@H](c2ccc(OCCN3CC(CF)C3)cc2)N1S(C)(=O)=O,7.96,1,1,0.9071167054343053
O=C1CCC2(Cc3ccc(Cl)cc3)Cc3cc(O)ccc3C2=C1c1ccc(OCCN2CCCCC2)cc1,5.96,0,1,0.9999998266458514
COc1cccc(OS(=O)(=O)C2CC3OC2C(c2ccc(NC(=O)CCCCCCC(=O)O)cc2)=C3c2ccc(O)cc2)c1,5.35,0,0,0.09913567284860633
COc1ccc(N(C)S(=O)(=O)C2CC3OC2C(c2ccc(-n4ccnc4)cc2)=C3c2ccc(O)cc2)cc1,7.16,1,0,0.4322869803045718
CC[C@H](COc1ccc([C@@H]2Oc3ccc(O)cc3S[C@@H]2c2ccc(O)cc2)cc1)N1CCCC1,9.15,1,1,1.0
Cl.Cl.OCCC/C(=C(\c1ccc(O)cc1)c1ccc(N2CCN(C3CCC3)CC2)cc1)c1ccccc1,5.78,0,0,0.0
Cc1cccc(-c2c(Cc3ccc(/C=C/C(=O)O)cc3)c3ccc(O)cc3oc2=O)c1,7.77,1,1,0.8909337832352676
Cc1c([C@H](C)NC(=O)Cc2c(-c3ccccc3)[nH]c3ccccc23)n(Cc2ccc(OCCN3CC[C@H](C)C3)cc2)c2ccc(O)cc12,8.4,1,1,0.6979537537768563
O=c1c2c(CO)cc(O)cc2ncn1-c1ccc(O)cc1,6.92,0,0,0.0
Cc1ncsc1-c1ccc([C@H](C)NC(=O)[C@@H]2C[C@@H](O)CN2C(=O)[C@@H](NC(=O)CCCCCOc2ccc(N(CC(F)(F)F)S(=O)(=O)C3CC4OC3C(c3ccc(-n5ccnc5)cc3)=C4c3ccc(O)cc3)cc2)C(C)(C)C)cc1,6.6,0,1,0.8008057975966915
Cc1ccc(C(=O)N2CCN(c3ccc(C(=O)c4c(-c5ccc(O)cc5)sc5cc(O)ccc45)cc3)CC2)cc1,8.56,1,1,1.0
O=C(c1ccc(N2CCN(C3CCCC3)CC2)cc1)c1c(-c2ccc(O)cc2)sc2cc(O)ccc12,8.97,1,1,1.0
O=C1CCC2(Cc3ccccc3)Cc3cc(O)ccc3C2=C1c1ccc(OCCN2CCOCC2)cc1,6.15,0,1,0.8103629582605223
O=C(c1ccc(N2CCN(C(=O)c3ccc(Cl)cc3)CC2)cc1)c1c(-c2ccc(O)cc2)sc2cc(O)ccc12,9.11,1,1,1.0
Oc1ccc([C@H]2Sc3cc(O)ccc3O[C@H]2c2ccc(OCCN3CCCCC3)cc2)cc1,9.1,1,1,1.0
CCCCC12CCC(=O)C(Br)=C1c1ccc(O)cc1C2,6.85,0,0,0.0
CCOC(=O)C1CCCN(C(=O)c2cc3ncc(Br)cn3n2)C1,4.68,0,0,0.0
O=C(/C=C/c1ccc(C(=C2C3CC4CC(C3)CC2C4)c2ccc(O)cc2)cc1)NCC(F)(F)F,8.88,1,1,1.0
O=S(=O)(Oc1ccccc1)[C@H]1C[C@H]2O[C@@H]1C(c1ccc(O)cc1)=C2c1ccc(O)cc1,7.67,1,1,1.0
CCCCC1=C2c3ccc(O)cc3CC2(CCCC)CCC1=O,6.56,0,0,0.32735037906797526
COc1ccc2c(c1)OCCC(c1ccc(O)cc1)=C2c1ccc(/C=C/C(=O)O)cc1,7.64,1,0,0.49166257352710796
O=c1c(-c2ccc(O)cc2)coc2cc(O)cc(O)c12,6.4,0,0,0.14285714285714285
COC(=O)c1cnn2c(C(F)(F)F)cc(-c3ccco3)nc12,4.37,0,0,0.0
Cc1cccc2[nH]c(-c3cc4ccccc4[nH]3)nc12,6.72,0,1,0.7454285483967674
CC[C@@H]1CCN(CCOc2ccc([C@@H]3Oc4ccc(O)cc4S[C@@H]3c3ccc(O)cc3)cc2)C1,9.05,1,1,1.0
O=C(Nc1ccc2c(c1)nc1n2CCSC1)c1ccco1,4.84,0,0,0.0
C[C@]12CC[C@@H]3c4ccc(O)cc4CC[C@H]3[C@@H]1CC[C@@H]2O,8.49,1,1,1.0
Cc1c(-c2ccc(O)cc2)n(Cc2ccc(OCCN3CCC(C)CC3)cc2)c2ccc(O)cc12,7.43,1,1,0.8531753059315607
Cc1ncsc1-c1ccc(CNC(=O)[C@@H]2C[C@@H](O)CN2C(=O)[C@@H](NC(=O)COCCCOCCOc2cc(F)c([C@@H]3c4[nH]c5ccccc5c4C[C@@H](C)N3CC(C)(C)F)c(F)c2)C(C)(C)C)cc1,9.3,1,1,0.7800869511045393
Cc1cc(OC(F)(F)F)ccc1-c1c(Cc2ccc(/C=C/C(=O)O)cc2)c2ccc(O)cc2oc1=O,9.0,1,1,0.5663236603284517
O=c1c(-c2ccc(O)cc2)c(Oc2ccc(O)cc2)oc2cc(O)ccc12,5.76,0,0,0.4499901201656105
CCCC[C@@]12CCC(=O)C(C(=O)OC)=C1c1ccc3[nH]ncc3c1C2,5.68,0,0,0.12699494769436623
C[C@@H]1c2c(ccc(O)c2F)O[C@@H](c2ccc(OCCN3CCCCC3)cc2)[C@H]1c1ccc(O)cc1,9.1,1,1,1.0
CCCC(CCC)(c1ccc(O)c(C)c1)c1ccc(OCC(=O)OCC)c(C)c1,7.66,1,1,0.7341447615488967
CCOP(=O)(OCC)C1(NS(=O)(=O)c2ccccc2)C=C(Br)C(=O)c2ccccc21,5.06,0,0,0.0
Cc1c(-c2ccc(O)c(F)c2)n(Cc2ccc(OCCN3CCCCC3)cc2)c2ccc(O)cc12,8.26,1,1,0.8732923193105468
C[C@@H]1Cc2cc(O)ccc2[C@@H](c2ccc(/C=C/C(=O)O)cc2)N1c1ccc(OC(F)(F)F)cc1,8.77,1,1,0.6932275717823717
Cc1c(-c2ccc(O)cc2)n(Cc2ccc(OCCN3CCCCCC3)cc2)c2ccc(O)cc12,7.3,1,1,0.75
CC[C@H](C)[C@@H]1NC(=O)[C@H](NC(=O)[C@@H](N)CCCNC(=N)N)C/C=C/C[C@@H](C(=O)N[C@@H](CCCNC(=N)N)C(=O)NC(CC(C)(C)C)C(=O)N[C@@H](CC(C)C)C(=O)N[C@@H](CCC(N)=O)C(N)=O)NC(=O)[C@H](CC(C)C)NC1=O,6.41,0,0,0.0
C[C@]12CC[C@@H]3c4ccc(O)cc4C[C@@H](CCCCCCCCC[S+]([O-])CCCC(F)(F)C(F)(F)F)[C@H]3[C@@H]1CC[C@@H]2O,7.4,1,1,1.0
Cc1ccc(NC(=O)CSc2nnc(-c3cnccn3)n2Cc2ccco2)cc1C,4.42,0,0,0.0
CCN(c1ccc(OCCCCCC(=O)N[C@H](C(=O)N2C[C@H](O)C[C@H]2C(=O)N[C@@H](C)c2ccc(-c3scnc3C)cc2)C(C)(C)C)cc1)S(=O)(=O)C1CC2OC1C(c1ccc(O)cc1)=C2c1ccc(O)cc1,5.59,0,0,0.09398956634718039
CCCC[C@@]12CCC(=O)C(C(F)(F)F)=C1c1ccc3[nH]nc(F)c3c1C2,7.31,1,0,0.37824987984020514
O=C(Cc1cccs1)Nc1nnc(COc2ccccc2)s1,4.43,0,0,0.0
C[C@]12CC[C@@H]3c4ccc(O)cc4C[C@@H](CCCCCCCCC[S+]([O-])CCCC(F)(F)C(F)(F)F)[C@H]3[C@@H]1CC[C@@H]2O,8.36,1,1,1.0
Oc1ccc([C@H]2Sc3cc(O)ccc3O[C@H]2c2ccc(OCCN3CCCCC3)cc2)cc1,9.1,1,1,1.0
CN1C(=O)N(CC(F)(F)F)C(c2ccc(OCCN3CCN(CC(F)(F)F)CC3)cc2)C2=C1c1ccccc1C2=O,6.03,0,0,0.24406944532635627
C[C@]12CC[C@@H]3c4ccc(O)cc4CC[C@H]3[C@@H]1CC[C@@H]2O,9.0,1,1,1.0
O=C(CCCn1c(=S)[nH]c2ccccc2c1=O)N1CCN(c2ccccc2O)CC1,7.16,1,0,0.1380121771372602
CC(CCc1cccnc1)=C(c1ccc(O)cc1)c1ccc(O)cc1,6.5,0,0,0.19392638012603744
CC1(C)CCC(=O)C2=C1OC1=C(C(=O)CCC1)C2c1cc2ccccc2n1Cc1ccccc1,4.26,0,0,0.13382375379207376
Oc1ccc([C@H]2Sc3cc(O)ccc3O[C@H]2c2ccc(OCCN3C4CCCC3CCC4)cc2)cc1,9.22,1,1,1.0
CC/C(=C(\c1ccccc1)c1ccc(/C=C/C(=O)O)cc1)c1ccccc1,7.41,1,1,1.0
CCN(CC)CCNC(=O)/C=C/c1ccc(C2=C(c3ccc(O)cc3)CCOc3cc(F)ccc32)cc1,5.99,0,1,0.6973486634354257
CC(C)c1ccc(-c2sc3cc(O)ccc3c2Oc2ccc(OCCN3CCCCC3)cc2)cc1,10.04,1,1,0.8675019368900245
COc1ccc(-c2c(Cc3ccc(/C=C/C(=O)O)cc3)c3ccc(O)cc3oc2=O)cc1,8.42,1,1,1.0
CC(Cn1ccnc1)=C(c1ccc(O)cc1)c1ccc(O)cc1,5.3,0,0,0.2921399917976295
CCCC12CCC(=O)C(C)=C1c1ccc3[nH]ncc3c1C2,6.01,0,0,0.0
CN1CCCC1CCOc1ccc(/C(=C(/CCCO)c2ccccc2)c2ccc(Br)cc2)cc1.Cl,5.53,0,0,0.0
C/C=C1/C(=O)C[C@H]2[C@@H]3CCC4=CC(=O)CC[C@]4(C)[C@H]3CC[C@]12C,4.21,0,0,0.0
NCCOc1ccc(/C(=C(\Cn2cnnc2)c2ccccc2)c2ccc(O)cc2)cc1,6.75,0,1,1.0
Cc1ccc(-c2nnc(S)n2/N=C/C=C/c2ccccc2[N+](=O)[O-])cc1,5.19,0,0,0.0
Cc1ccccc1OS(=O)(=O)C1CC2OC1C(c1ccc(NC(=O)CCCCCCC(=O)O)cc1)=C2c1ccc(O)cc1,6.98,0,0,0.4976153636608575
C[C@]12CC[C@H]3[C@@H](CC=C4C[C@@H](O)CC[C@@]43C)[C@@H]1CC[C@@H]2O,6.75,0,0,0.0
CC/C(=C(\c1ccccc1)c1ccc(OCCN(C)C)cc1)c1ccccc1,7.21,1,1,0.7142857142857143
Cc1ccc(OS(=O)(=O)C2CC3OC2C(c2ccc(/C=C/c4cc(O)cc(O)c4)cc2)=C3c2ccc(O)cc2)cc1,7.98,1,1,0.7806144029704447
Cc1c(O)ccc2c1c(=O)oc1c(F)c(O)ccc12,5.8,0,0,0.0
CC[C@H](CN1CCCC1)Oc1ccc([C@@H]2Oc3ccc(O)cc3S[C@@H]2c2ccc(O)cc2)cc1,8.92,1,1,1.0
O=c1c(-c2ccc(O)cc2)coc2cc(O)cc(O)c12,5.67,0,0,0.14285714285714285
Cc1nnc(NC(=O)CSc2nc3c(c(=O)n2CCc2ccccc2)SC(C)C3)s1,4.76,0,0,0.0
COC(=O)C1=C(N)Oc2cc(O)ccc2C1c1ccc(OCc2ccccc2F)cc1,7.28,1,1,0.5487083896789385
CCC12CCC(=O)C(c3ccc(O)cc3)=C1c1ccc3[nH]nnc3c1C2,7.09,1,1,0.5324927673227685
CC1CCN(S(=O)(=O)c2ccc(NC(=O)Cc3cccs3)cc2)CC1,5.02,0,0,0.1270202065280502
Cc1cc(-c2nnc3sc(-c4ccc(Cl)cc4Cl)nn23)[nH]n1,4.81,0,0,0.0
O=C1C(c2ccc(O)cc2)=C(c2ccccc2)c2c(O)cc(O)cc21,7.33,1,0,0.36476558514199653
C[C@@H]1Cc2c([nH]c3ccccc23)[C@@H](c2cnc(N3CCC(CN4CCOC5(CC4)CCN(c4ccc6c(c4)CN(C4CCC(=O)NC4=O)C6=O)CC5)CC3)nc2)N1CC(C)(C)F,8.28,1,1,1.0
O[C@]1(C(F)(F)F)CCCC[C@H]1Nc1ccc(F)cc1,5.6,0,0,0.0
CC[Si](CC)(c1ccc(O)c(C)c1)c1ccc(O)c(C)c1,7.14,1,1,0.8391736507205568
C[C@]12CC[C@@H]3c4ccc(O)cc4CC[C@H]3[C@@H]1CC[C@@H]2O,8.85,1,1,1.0
CC(CCC(=O)O)(c1ccc(O)cc1)c1ccc(O)cc1,4.72,0,0,0.0
C#C[C@]1(O)CC[C@H]2[C@@H]3CCC4=CC(=O)CCC4=C3[C@@H](c3ccc(N(C)CCOC4CC[C@@]5(C)[C@@H](C4)C[C@@H](O)[C@@H]4[C@@H]5C[C@H](O)[C@]5(C)[C@@H]([C@H](C)CCC(=O)NCCS(=O)(=O)O)CC[C@@H]45)cc3)C[C@@]21C,8.0,1,1,0.8444183888496334
CC/C(=C(/c1ccc(/C=C/C(=O)O)cc1)c1cc2ccccc2[nH]1)c1ccccc1,9.55,1,1,0.9179468979054072
C/C=C(C(=C/C)/c1ccc(O)cc1)\c1ccc(O)cc1,4.88,0,1,0.6590737621025741
O=C(O)CCCCCCC(=O)Nc1ccc(C2=C(c3ccc(O)cc3)C3CC(S(=O)(=O)Oc4ccc(O)cc4)C2O3)cc1,6.88,0,1,0.674724570695969
C[C@@H]1Cc2c([nH]c3ccccc23)[C@@H](c2cnc(N3CCC(OCCN4CCN(c5ccc6c(c5)CN(C5CCC(=O)NC5=O)C6=O)CC4)CC3)nc2)N1CC(C)(C)F,8.68,1,1,1.0
CCN(c1ccc(OCCCCCC(=O)N[C@H](C(=O)N2C[C@@H](O)C[C@H]2C(=O)N[C@@H](C)c2ccc(-c3scnc3C)cc2)C(C)(C)C)cc1)S(=O)(=O)C1CC2OC1C(c1ccc(O)cc1)=C2c1ccc(O)cc1,5.81,0,0,0.09398956634718039
C[C@@H]1CCN([C@@H](C)COc2ccc([C@@H]3Oc4ccc(O)cc4S[C@@H]3c3ccc(O)cc3)cc2)C1,8.89,1,1,1.0
O=C(c1cc2sccc2n1Cc1ccccc1)N1CCc2ccccc21,4.63,0,0,0.1343303582482179
CC1C[C@H](C)C2(CC[C@H]3[C@@H]4CCc5cc(O)ccc5[C@H]4CC[C@@]32C)O1,6.8,0,1,0.514474172375887
CCC(Cc1ccccc1)=C(c1ccc(O)cc1)c1ccc(OCCN2CCCC2)cc1,7.7,1,1,0.787298579523476
Oc1c(Cl)cc(Cl)c(Cl)c1Cc1c(O)c(Cl)cc(Cl)c1Cl,5.67,0,0,0.22920049560702663
O=C(O)/C=C/c1ccc(C2=C(c3ccc(O)cc3)CCOc3ccccc32)cc1,7.68,1,1,0.664448131923323
O=C1C(c2ccc(O)cc2)=C(Br)c2cc(O)ccc21,8.28,1,0,0.12723893466147781
Oc1ccc([C@H]2Sc3cc(O)ccc3O[C@H]2c2ccc(OCCN3CCCC3)cc2)cc1,8.59,1,1,1.0
CC1=C(c2cccc(O)c2)[C@H](c2ccc(OC[C@H](C)N3CC[C@@H](C)C3)cc2)Oc2ccc(O)cc21,8.55,1,0,0.5
C[C@@H]1Cc2c([nH]c3ccccc23)[C@@H](c2c(F)cc(OCCNCCCF)cc2F)N1CC(F)(F)CO,8.9,1,1,1.0
C[C@H](CCc1ccc(O)cc1)NC(=O)Cc1c(-c2ccccc2)[nH]c2cc(OCCN3CCCCC3)ccc12,8.1,1,0,0.2156715091465682
CC1=C2c3ccc(O)cc3CC2(Cc2ccc(Cl)cc2)CCC1=O,7.66,1,0,0.43206571620083506
Cc1c(O)ccc2c1OC(C)c1c-2ccc(O)c1C,6.47,0,0,0.0
C[C@@H]1Cc2c([nH]c3ccccc23)[C@@H](c2cnc(N3CCC4(CCN(CCC5CCN(c6ccc7c(c6)CN(C6CCC(=O)NC6=O)C7=O)CC5)CC4)CC3)nc2)N1CC(C)(C)F,7.65,1,1,1.0
CN(c1ccccc1C(=O)O)S(=O)(=O)c1ccc2c3c(cccc13)C(=O)N2,4.73,0,0,0.0
COc1ccc(N(C)S(=O)(=O)C2CC3OC2C(c2ccc(NC(=O)CCCCCCC(=O)O)cc2)=C3c2ccc(O)cc2)cc1,7.27,1,0,0.04163339690193464
C[C@]12CC[C@@H]3c4ccc(O)cc4C[C@@H](CCCCCCCCC[S+]([O-])CCCC(F)(F)C(F)(F)F)[C@H]3[C@@H]1CC[C@@H]2O,7.89,1,1,1.0
O=C(c1ccc(O)c(F)c1)N(c1ccccc1)c1ccc(O)cc1,7.82,1,1,0.9182414066356958
COc1cc(O)c2c(=O)n(-c3ccc(O)cc3)cnc2c1,4.59,0,0,0.0
CCC1Oc2c(ccc(O)c2C)-c2ccc(O)c(C)c21,7.0,1,0,0.0
Cc1cc(OC(F)(F)F)ccc1-c1c(Oc2ccc(/C=C/C(=O)O)cc2)c2ccc(O)cc2oc1=O,9.3,1,1,0.7117870064893289
O=c1c(-c2ccc(O)cc2)coc2cc(O)cc(O)c12,6.4,0,0,0.14285714285714285
Cc1cc(F)ccc1-c1c(Oc2ccc(/C=C/C(=O)O)cc2)c2cc(F)c(O)cc2oc1=O,8.13,1,1,1.0
CCC(=C(c1ccc(O)cc1)c1ccc(/C=C/C(=O)O)cc1)c1ccccc1,8.36,1,1,1.0
COC(=O)/C=C/c1ccc(C(=C2C3CC4CC(C3)CC2C4)c2ccc(O)cc2)cc1,9.37,1,1,1.0
C#C[C@]1(O)CC[C@H]2[C@@H]3CCC4=CC(=O)CCC4=C3[C@@H](c3ccc(N(C)C(=O)CC[C@H](NC(=O)CC[C@@H](C)[C@H]4CC[C@H]5[C@@H]6[C@H](O)C[C@@H]7C[C@H](O)CC[C@]7(C)[C@H]6C[C@H](O)[C@]45C)C(=O)O)cc3)C[C@@]21C,7.14,1,1,0.7877737756664632
O=c1c(-c2ccc(O)cc2)c(Sc2ccc(O)cc2)oc2cc(O)ccc12,5.73,0,0,0.43834060965179406
CCCCOC(=O)c1cc(Br)c(O)c(Br)c1,4.41,0,0,0.0
COc1ccc(-c2nc(C(N)=O)c3nc(O)n(-c4cccc(Cl)c4)c3n2)cc1OC,5.2,0,0,0.0
C[C@]12CCC3C(CC=C4C[C@@H](O)CC[C@@]43/C=C/Cl)C1CC[C@@H]2O,5.25,0,0,0.0
N#CCc1cc(O)c(Cl)c2cc(-c3ccc(O)cc3)oc12,6.2,0,0,0.1450591706632322
CCCCn1c(NC(=O)CC)c(C#N)c2nc3ccccc3nc21,4.63,0,0,0.0
CC1(c2ccc(OCCN3CCCC3)cc2)c2ccc(O)cc2CCN1c1cccc(O)c1,7.51,1,1,1.0
CCOC(=O)C1=C(O)/C(=C\c2ccc(CNC(=O)C(=O)Nc3ccc(C)c(C)c3)o2)N=C1C,4.39,0,0,0.0
O=C(c1ccc(OCCN2CCCCC2)cc1)c1c(-c2ccc(O)cc2)sc2cc(O)ccc12,7.69,1,1,1.0
CC(C)(F)CN1[C@H](c2ccc(/C=C/C(=O)O)cc2)c2ccc(O)cc2CC1(C)C,8.66,1,1,1.0
CC/C(=C(/c1ccc(O)cc1)c1ccc(/C=C/C(=O)NCCN)cc1)c1ccccc1.O=C(O)C(F)(F)F.O=C(O)C(F)(F)F.O=C(O)C(F)(F)F,7.87,1,0,0.0
O=C(c1ccc(OCCN2CCCCC2)cc1)c1c(-c2ccc(O)cc2)sc2cc(O)ccc12,8.74,1,1,1.0
CCOC(=O)c1cc2c(c(CSc3nc4ccccc4c(=O)n3Cc3ccco3)c1)OCOC2,5.49,0,0,0.0
C[C@H]1CN(CCOc2ccc([C@@H]3Oc4ccc(O)cc4S[C@@H]3c3ccc(O)cc3)cc2)C[C@@H]1C,9.3,1,1,1.0
C[C@@H]1Cc2c([nH]c3ccccc23)[C@@H](c2cnc(N3CCC(CCN4CCN(c5ccc6c(c5)CN(C5CCC(=O)NC5=O)C6=O)CC4)CC3)nc2)N1CC(C)(C)F,8.48,1,1,1.0
CC1Cc2ccccc2N1C(=O)CSc1nnc(-c2ccc(S(=O)(=O)N3CCCC3)cc2)o1,5.11,0,0,0.274076634430098
CCC12CCC(=O)C(Br)=C1c1ccc3[nH]nc(F)c3c1C2,6.71,0,0,0.0
C[C@]12CC[C@@H]3c4ccc(O)cc4CC[C@H]3[C@@H]1CC[C@@H]2O,8.0,1,1,1.0
C[C@H](CCc1ccc(O)cc1)NC(=O)Cc1c(-c2ccccc2)n(Cc2ccc(OCCCN3CCCCC3)cc2)c2ccccc12,8.11,1,1,0.8673499358615132
CCN(CC)CCOc1ccc(Cn2c3ccccc3c3sc4cc(O)ccc4c32)cc1,7.24,1,1,0.8718581858302236
Cc1sc2ncnc(NCc3ccco3)c2c1C,4.45,0,0,0.0
COc1ccc(Cn2c(N)c(C(=O)NCc3ccco3)c3nc4ccccc4nc32)cc1,4.76,0,0,0.0
CN(C)S(=O)(=O)c1ccc(-c2ccc3cc(O)ccc3c2Oc2ccc(OCCN3CCCCC3)cc2)cc1,9.4,1,1,0.730488823691144
Cc1cc(O)ccc1-n1cnc2cc(O)cc(O)c2c1=O,5.36,0,0,0.0
Cc1c(-c2ccc(Cl)cc2)n(Cc2ccc(OCCN3CCCCC3)cc2)c2ccc(O)cc12,6.96,0,1,0.5191674837901924
CN(c1ccccc1Cl)S(=O)(=O)C1CC2OC1C(c1ccc(NC(=O)CCCCCCC(=O)O)cc1)=C2c1ccc(O)cc1,7.57,1,0,0.0809739095235053
C[C@]12CC[C@@H]3c4ccc(O)cc4CC[C@H]3[C@@H]1CCC2=O,8.85,1,1,1.0
Oc1ccc(C(Cn2ccnc2)=C(c2ccc(O)cc2)c2ccc(O)cc2)cc1,7.01,1,0,0.4556271730699007
Cc1cc(O)ccc1N1C(=O)c2ccc(O)cc2C1=O,6.1,0,1,0.5049344407968507
C=C[C@]12CC[C@H](O)CC1=CC[C@H]1[C@@H]3CC[C@H](O)[C@@]3(C)CC[C@@H]12,5.65,0,0,0.0
O=C(/C=C/c1ccc(C2=C(c3ccc(O)cc3)CCOc3cc(F)ccc32)cc1)N1CCCC1,7.17,1,1,0.7442319058068255
CCC1=C2c3ccc4[nH]nnc4c3CC2(CC)CCC1=O,5.88,0,0,0.0
CC/C(=C(\c1ccccc1)c1ccc(/C=C/C(=O)O)cc1)c1ccccc1,8.59,1,1,1.0
CC1(C)Cc2c(sc3c4nnnn4c4nnnn4c23)CO1,5.39,0,0,0.0
CCN1CCN(c2ccc(/C(=C(/CCCO)c3ccccc3)c3ccc(O)cc3)cc2)CC1.Cl.Cl,5.94,0,0,0.0
CC/C(=C(/c1ccc(/C=C/C(=O)O)cc1)c1ccc2[nH]ncc2c1)c1ccc(F)cc1Cl,8.21,1,1,1.0
COc1ccc(C2C=C(c3ccc(Cl)cc3)Nc3nc(NC(C)=O)nn32)cc1,4.66,0,0,0.0
CC(C)(O)c1ccc2c(c1)C(=O)C[C@H]1[C@@](C)(C(=O)O)CCC[C@]21C,5.09,0,0,0.13619380713754028
O=S(=O)(Oc1ccc(F)cc1)C1CC2OC1C(c1ccc(/C=C/c3cc(O)cc(O)c3)cc1)=C2c1ccc(O)cc1,6.8,0,1,0.5822395151522664
C[C@@H]1Cc2c([nH]c3ccccc23)[C@@H](c2ccc(Cl)cc2)N1CCO,7.4,1,0,0.27864654916818793
O=S1(=O)CCN(CCOc2ccc([C@@H]3Oc4ccc(O)cc4S[C@@H]3c3ccc(O)cc3)cc2)CC1,8.7,1,1,1.0
C[C@]12CC[C@@H]3c4ccc(O)cc4C[C@@H](CCCCCCCCC[S+]([O-])CCCC(F)(F)C(F)(F)F)[C@H]3[C@@H]1CC[C@@H]2O,8.54,1,1,1.0
O=S(=O)(Oc1ccc(-c2ccccc2)cc1)C1CC2OC1C(c1ccc(/C=C/c3cc(O)cc(O)c3)cc1)=C2c1ccc(O)cc1,6.82,0,0,0.3385446068194575
O=C(/C=C/c1ccc(C(=C2C3CC4CC(C3)CC2C4)c2ccc(O)cc2)cc1)OCCCCO,9.35,1,1,1.0
Cc1cc(F)ccc1-c1c(Oc2ccc(/C=C/C(=O)O)cc2)c2ccccc2oc1=O,7.14,1,1,0.5785150293318162
O=C(/C=C/c1ccc(C2=C(c3ccc(O)cc3)CCOc3cc(F)ccc32)cc1)Nc1ccccc1,7.93,1,1,0.5273267906588058
CC(=N)/C(C#N)=C(/O)CSc1nnc(COc2ccccc2Cl)o1,4.43,0,0,0.0
Oc1ccc2c(Oc3ccc(OCCN4CCCCC4)cc3)c(-c3ccc(Br)cc3)sc2c1,7.57,1,1,1.0
CNCCOc1ccc(N2Nc3c(c(=O)oc4cc(O)ccc34)-c3ccc(O)cc32)cc1,6.79,0,1,0.928968727637231
NCCOc1ccc(/C(=C2\CCc3ccccc32)c2ccc(O)cc2)cc1,5.5,0,1,0.7033398942820213
O=C(COc1cccc2c1C(=O)N(C1CCC(=O)NC1=O)C2=O)NCCCCCOc1ccc(N(CC(F)(F)F)S(=O)(=O)C2CC3OC2C(c2ccc(-n4ccnc4)cc2)=C3c2ccc(O)cc2)cc1,6.34,0,0,0.11306497729837194
CCOc1ccccc1-c1nc(-c2ccc(NC(=O)c3ccc(Br)o3)cc2)no1,4.9,0,0,0.0
CCN(c1ccc(OC)cc1)S(=O)(=O)C1CC2OC1C(c1ccc(O)cc1)=C2c1cnn(C)c1,7.44,1,0,0.011729293576969396
CCCC1Oc2c(ccc(O)c2C)-c2c(C)cc(O)cc21,6.2,0,0,0.0
COc1ccc(-c2ccc(-c3noc(-c4cccs4)n3)c(OC)n2)cc1,4.89,0,0,0.0
NC(=O)C1(N2CCCCC2)CCN(c2nc(-c3ccc(Br)cc3)cs2)CC1,4.42,0,0,0.2674336707694667
C[C@H]1CCC[C@@H](O)CCC/C=C/c2cc(O)cc(O)c2C(=O)O1,5.04,0,0,0.2721451311342794
CCCC(=O)Oc1ccc(/C(=C(/C)c2ccccc2)c2ccc(OCCN(C)C)cc2)cc1,7.46,1,1,0.7722672379360624
Cc1cc(C(C)(C)c2ccc(O)c(C)c2)ccc1O,6.88,0,0,6.710321683578048e-07
Oc1ccc([C@H]2Sc3cc(O)ccc3O[C@H]2c2ccc(C3=CCNCC3)cc2)cc1,8.85,1,1,0.8775938401112416
CCN(c1ccccc1Br)S(=O)(=O)C1CC2OC1C(c1ccc(NC(=O)CCCCCCC(=O)O)cc1)=C2c1ccc(O)cc1,6.27,0,0,0.0
Oc1ccc([C@H]2Oc3ccc(O)cc3[C@H]3CCC[C@H]32)cc1,7.84,1,1,0.8000003960955012
Oc1ccc([C@H]2Sc3cc(O)ccc3O[C@H]2c2ccc(OCCN3CCC(O)CC3)cc2)cc1,8.74,1,1,1.0
Oc1ccc2c(c1)sc1c3ccccc3n(Cc3ccc(OCCN4CCCC4)cc3)c21,7.57,1,1,0.9082112156938942
CC(C)(C)Cc1c(O)cc(O)c2c1O[C@H](c1ccc(O)cc1)CC2=O,6.67,0,0,0.26809151057700126
Cc1cc(NC(=O)CSc2nc3c(c(=O)n2CCc2ccccc2)SC(C)C3)no1,4.47,0,0,0.15528391744933584
N#Cc1c(NCCN)nc(NCc2ccccc2)c2c1CCN(Cc1ccccc1)C2,4.93,0,0,0.4314585506170147
O=C1C(c2ccnc3ccccc23)=C(O)c2ccccc21,5.17,0,0,0.47809104385026163
CCc1cccc2c(C(=O)Cn3nnc(-c4ccc(OC)c(OC)c4)n3)c[nH]c12,4.99,0,0,0.0
C[C@@H]1Cc2c([nH]c3ccccc23)[C@@H](c2cnc(N3CCC(CN4CCN(CC5CCN(c6ccc7c(c6)CN(C6CCC(=O)NC6=O)C7=O)CC5)CC4)CC3)nc2)N1CC(C)(C)F,8.25,1,1,1.0
C[C@]12CC[C@@H]3c4ccc(O)cc4CC[C@H]3[C@@H]1CC[C@@H]2O,9.05,1,1,1.0
C[C@H](CN1CCCC1)Oc1ccc([C@@H]2Oc3ccc(O)cc3S[C@@H]2c2ccc(O)cc2)cc1,8.2,1,1,1.0
CCCCC12CCC(=O)C(CC)=C1c1ccc(O)cc1C2,6.58,0,0,0.16582693139955468
CC(C)Cc1cc2cc(O)ccc2c(Oc2ccc(/C=C/C(=O)O)cc2)c1-c1ccccc1,7.55,1,1,0.8973882889135653
O=C1CC[C@@]2(CC3CC3)Cc3c(ccc4[nH]ncc34)C2=C1Br,6.64,0,0,0.0
Cc1nc2cccc(C(=O)NCc3ccccc3)c2o1,4.32,0,0,0.15099276533641354
Cc1cc2c(C(C)C)c(O)c(O)c(C=O)c2c(O)c1-c1c(C)cc2c(C(C)C)c(O)c(O)c(C=O)c2c1O,5.59,0,1,0.8593832416334228
O=S(=O)(Oc1ccc(/C=C/c2ccccc2)cc1)C1CC2OC1C(c1ccc(O)cc1)=C2c1ccc(O)cc1,7.39,1,0,0.4365113706574587
Cc1cc(C(=O)CSc2nnc(-c3ccccc3F)o2)c(C)n1Cc1cccs1,5.16,0,0,0.0
CCc1nc2cc(O)ccc2c(Oc2ccc(/C=C/C(=O)N3CCCCC3)cc2)c1-c1ccccc1,7.6,1,1,0.7361035792890749
Oc1cc(O)c2c(=S)n(-c3ccc(O)c(F)c3)cnc2c1,5.51,0,0,0.1336687860919156
CC(C)CN(C(=O)COC(=O)c1cc2c(s1)CCC2)C1CCS(=O)(=O)C1,5.53,0,0,0.0
Cc1cccc(OS(=O)(=O)C2CC3OC2C(c2ccc(/C=C/c4cc(O)cc(O)c4)cc2)=C3c2ccc(O)cc2)c1,6.77,0,1,0.7988869464977465
CCOC(=O)[N-]c1c[n+](N2CCOCC2)no1,4.61,0,0,0.0
C=C[C@]12CCC(C)=CC1=CC[C@@H]1[C@@H]2CC[C@@]2(C)[C@H]1CC[C@]2(C)O,5.36,0,0,0.0
CC/C(=C(/c1ccc(O)cc1)c1ccc(OCCCN)cc1)c1ccccc1,7.46,1,1,0.5685265669761415
O=C(O)CCN1CCc2c([nH]c3ccccc23)C1c1ccc(Cl)cc1,4.86,0,0,0.3638990946375461
Cc1ncsc1-c1ccc([C@H](C)NC(=O)[C@@H]2C[C@@H](O)CN2C(=O)[C@@H](NC(=O)CCCCCCCOc2ccc(N(CC(F)(F)F)S(=O)(=O)C3CC4OC3C(c3ccc(-n5ccnc5)cc3)=C4c3ccc(O)cc3)cc2)C(C)(C)C)cc1,6.66,0,1,0.5081328376490715
Cc1c(O)ccc2c1oc(=O)c1c(C)c(O)ccc12,6.8,0,0,0.0
CC12CCC(=O)C(Br)=C1c1ccc(O)cc1C2,6.05,0,0,0.1249642072842335
COCc1cc(O)cc2c1O[C@@H](c1ccc(O)cc1)[C@H]1CCC[C@@H]21,7.96,1,1,0.6510960315826376
Oc1ccc(C2=C(c3ccc(/C=C/c4ccccc4)cc3)c3ccc(F)cc3OCC2)cc1,4.65,0,1,0.6749080941075717
CCCCCCCCNCCOc1ccc(/C(=C(/CC)c2ccccc2)c2ccc(O)cc2)cc1,7.28,1,1,0.5634602633921998
Cl.OCCC/C(=C(\c1ccc(O)cc1)c1ccc(OCCN2C[C@H]3C[C@H]3[C@H]2CO)cc1)c1ccccc1,6.56,0,0,0.0
C[C@H](CCc1ccc(O)cc1)NC(=O)Cc1c(-c2ccccc2)[nH]c2c(OCCCCCN3CCCCC3)cccc12,7.89,1,1,1.0
O=C1CC[C@@H]2c3cc(O)ccc3O[C@H](c3ccc(O)cc3)[C@@H]2C1,6.39,0,0,0.4970108737655625
CCC(Cc1cccnc1)=C(c1ccc(O)cc1)c1ccc(O)cc1,7.72,1,0,0.28457986952999303
O=C(COc1cccc2c1C(=O)N(C1CCC(=O)NC1=O)C2=O)NCCCOc1ccc(N(CC(F)(F)F)S(=O)(=O)C2CC3OC2C(c2ccc(-n4ccnc4)cc2)=C3c2ccc(O)cc2)cc1,6.06,0,0,0.0
COc1ccc(OC)c(N2C(=O)[C@@H]3C(c4ccccc4Cl)=NO[C@@H]3C2=O)c1,5.01,0,0,0.0
C=C(C)C(CC=C(C)C)Cc1c(O)cc(OC)c2c1O[C@H](c1ccc(O)cc1O)CC2=O,5.34,0,0,0.2609455717848745
O=c1oc2c(Cl)c(O)ccc2c2cc(F)c(O)c(Cl)c12,4.94,0,0,0.0
Cn1ccnc1SCC(=O)Nc1ccc2nc(SCC(=O)NC3CC3)sc2c1,4.59,0,0,0.13219277480961472
Oc1ccc([C@H]2Sc3cc(O)ccc3O[C@H]2c2ccc(OCCN3C[C@H]4CCCC[C@H]4C3)cc2)cc1,9.0,1,1,1.0
O=C1c2ccc(O)cc2C(=O)N1c1ccccc1,5.57,0,1,0.5314427177253117
CC[C@H](C)[C@@H]1NC(=O)[C@H](NC(=O)[C@@H](N)CCCCN)CSSC[C@@H](C(=O)N[C@@H](CCCNC(=N)N)C(=O)N[C@@H](CC(C)C)C(=O)N[C@@H](CC(C)C)C(=O)N[C@@H](CCC(N)=O)C(=O)NCC(=O)NCC(=O)NCC(=O)N[C@@H](CCCNC(=N)N)C(=O)N[C@@H](CCCNC(=N)N)C(=O)N[C@@H](CCCNC(=N)N)C(=O)N[C@@H](CCCNC(=N)N)C(=O)N[C@@H](CCCNC(=N)N)C(=O)N[C@@H](CCCNC(=N)N)C(=O)N[C@@H](CCCNC(=N)N)C(N)=O)NC(=O)[C@H](CC(C)C)NC1=O,6.13,0,1,0.7726825687981853
C#C[C@]1(O)CCC2C3CC=C4C[C@@H](O)CC[C@]4(C=C)C3CC[C@@]21C,6.83,0,0,0.0
Oc1ccc(C2CCc3cc(O)ccc3N2Cc2ccc(OCCN3CCCC3)cc2)cc1,8.96,1,1,1.0
CC(=O)N[C@@H](Cc1cnc[nH]1)C(=O)N[C@@H](CCCCN)C(=O)N[C@@]1(C)CCC/C=C\C[C@@H](C)C[C@@](C)(C(=O)N[C@@H](CC(C)C)C(=O)N[C@@H](CCC(N)=O)C(=O)N[C@@H](CC(=O)O)C(=O)N[C@@H](CO)C(N)=O)NC(=O)[C@H](CCCNC(=N)N)NC(=O)[C@H](Cc2cnc[nH]2)NC(=O)[C@H](CC(C)C)NC1=O,5.75,0,1,0.9908548136714026
CCCCCCCCCCCCCCCCNCCOc1ccc(C(=O)c2c(-c3ccc(O)cc3)sc3cc(O)ccc23)cc1,7.96,1,1,0.8925976435548998
Cc1ccc2ccc(C3C(=O)c4ccccc4C3=O)nc2c1,4.88,0,0,0.0
Oc1ccc([C@H]2Oc3ccc(O)cc3[C@H]3CCCC[C@H]32)cc1,8.54,1,1,0.9077247024828695
Cc1oc(-c2ccc(Cl)cc2)cc1-c1nn2c(-c3ccoc3C)nnc2s1,5.56,0,0,0.0
C[C@@H]1CCCN1CCOc1ccc([C@@H]2Oc3ccc(O)cc3S[C@@H]2c2ccc(O)cc2)cc1,9.15,1,1,1.0
C[C@@H]1CCN(CCOc2ccc([C@@H]3c4ccc(O)cc4CC[C@@H]3c3ccccc3)cc2)C1,9.3,1,1,1.0
COC[C@H](C)CN1[C@H](c2ccc(/C=C/C(=O)O)cc2)c2ccc(O)cc2C[C@H]1C,7.08,1,1,0.870099331508443
CCS(=O)(=O)c1ccc(-c2sc3cc(O)ccc3c2Oc2ccc(OCCN3CCCCC3)cc2)cc1,9.32,1,1,0.9172742569141609
COc1cc(N2CCN(CC3CCN(c4ncc([C@@H]5c6[nH]c7ccccc7c6C[C@@H](C)N5CC(C)(C)F)cn4)CC3)CC2)cc2c1C(=O)N(C1CCC(=O)NC1=O)C2,8.49,1,1,1.0
CN(C)c1cccc(N2CCc3cc(O)ccc3C2(C)c2ccc(OCCN3CCCC3)cc2)c1,7.03,1,1,1.0
COc1ccc2c(c1)c(=O)oc1cc(OCC(=O)N3CCC(C)CC3)ccc12,4.93,0,0,0.0
Cc1cccc(N2CCN(c3nc4ccccc4n4cnnc34)CC2)c1C,4.41,0,0,0.0
CC[C@@]12CCC(=O)C(C(F)(F)F)=C1c1ccc3[nH]ncc3c1C2,6.44,0,1,0.5428766196059398
CN(C)c1cccc(N2CCc3cc(O)ccc3C2c2ccc(OCCN3CCCCC3)cc2)c1,7.15,1,1,1.0
CCCc1nnc2n1N=C(c1ccc(-c3cc(Cl)ccc3Cl)o1)CS2,4.87,0,0,0.0
CC/C(=C(/CC)c1ccc(O)cc1)c1ccc(O)cc1,8.6,1,1,1.0
Oc1ccc2nc(-c3ccc(O)c(F)c3)cc(-c3ccccc3)c2c1,5.74,0,1,0.8620775532788971
CCN(c1cccc(OC)c1)S(=O)(=O)C1CC2OC1C(c1ccc(NC(=O)CCCCCCC(=O)O)cc1)=C2c1ccc(O)cc1,6.81,0,0,0.0
COc1cc(CNC(=O)[C@@]2(Cc3ccccc3)OC(=O)N([C@@H]3CCc4ccccc43)C2=O)cc(OC)c1,4.77,0,0,0.4021791094826914
NC(=O)c1c(NC(=O)c2cccs2)sc2c1CCCCCC2,4.59,0,0,0.0
O=c1c(-c2ccc(O)cc2)c(Oc2ccc(OCCN3CCCCC3)cc2)oc2cc(O)ccc12,6.7,0,0,0.17515681304085032
CC[C@H](C)[C@H](NC(=O)[C@H](CCCCN)NC(=O)[C@H](Cc1cnc[nH]1)NC(C)=O)C(=O)N[C@@H](CC(C)C)C(=O)N[C@@H](Cc1cnc[nH]1)C(=O)N[C@@H](CCCNC(=N)N)C(=O)N[C@@H](CC(C)C)C(=O)N[C@@H](CC(C)C)C(=O)N[C@@H](CCC(N)=O)C(=O)N[C@@H](CC(=O)O)C(=O)N[C@@H](CO)C(N)=O,5.58,0,0,0.3684431195325059
C[C@@]12CCC(=O)C(C(F)(F)F)=C1c1ccc3[nH]ncc3c1C2,5.83,0,0,0.4885867521275259
Oc1ccc(-c2cc(Cl)c3cc(O)ccc3n2)cc1,6.67,0,0,0.42326211798165925
CC1(c2ccc(OCCN3CCCCCC3)cc2)c2ccc(O)cc2CCN1c1ccccc1,8.82,1,1,1.0
C[C@]12CCc3c(sc4cc(O)ccc34)[C@@H]1CC[C@H]2O,7.64,1,1,1.0
O=C(/C=C/c1ccc(C(=C2C3CC4CC(C3)CC2C4)c2ccc(O)cc2)cc1)NCCCCCO,9.19,1,1,1.0
CC(=O)N[C@@H](CCCNC(=N)N)C(=O)N[C@@H](CCCNC(=N)N)C(=O)N[C@@H](CCCNC(=N)N)C(=O)N[C@@H](CCCNC(=N)N)C(=O)N[C@@H](CCCCN)C(=O)N[C@@]1(C)CCC/C=C\CCC[C@@](C)(C(=O)N[C@@H](CC(C)C)C(=O)N[C@@H](CCC(N)=O)C(=O)N[C@@H](CC(=O)O)C(=O)N[C@@H](CO)C(N)=O)NC(=O)[C@H](CCCNC(=N)N)NC(=O)[C@H](Cc2cnc[nH]2)NC(=O)[C@H](CC(C)C)NC1=O,7.72,1,0,0.3834103435162771
O=c1c2c(O)cc(O)cc2ncn1-c1ccc(O)cc1F,5.13,0,0,0.0
CCCCC1=C2c3ccc4[nH]nnc4c3CC2(CC)CCC1=O,5.95,0,0,0.0
Oc1ccc(-c2cc3cc(O)ccc3o2)cc1,6.75,0,0,0.2548358972415537
CCc1c(-c2ccc(O)cc2)oc(-c2ccc(O)cc2)c1-c1ccc(OCCN2CCCCC2)cc1,7.19,1,1,1.0
C[C@]12CC[C@@H]3c4ccc(O)cc4CC[C@H]3[C@@H]1CC[C@@H]2O,9.51,1,1,1.0
Cc1ccc(N2CCc3cc(O)ccc3C2(C)c2ccc(OCCN3CCCC3)cc2)cc1,8.46,1,1,1.0
CC[C@@H](COc1ccc([C@@H]2Oc3ccc(O)cc3S[C@@H]2c2ccc(O)cc2)cc1)N1CCCC1,9.3,1,1,1.0
Cc1cc(SCC(=O)NC(=O)NCc2ccco2)nc2c(C)cccc12,4.49,0,0,0.0
CCOC(=O)CSc1nn(C)c(=S)s1,5.1,0,0,0.0
CCOC(=O)c1c(C)oc2c1c(/C=N/C1CCS(=O)(=O)C1)c(O)c1ccccc12,4.8,0,0,0.0
N#CC1=C(N)OC2=C(CCC/C2=C/c2ccoc2)C1c1ccoc1,5.0,0,0,0.12957844408076166
Cc1ccc(S(=O)(=O)Cc2ccc(C(=O)NCc3ccc4c(c3)OCO4)o2)cc1,4.43,0,0,0.0
O=C(O)/C=C/c1ccc(C2=C(c3ccc(O)cc3)CCOc3cc(F)ccc32)cc1,7.85,1,1,0.6368971251697403
C[Si](C)(CN1CCCCC1)c1ccc(/C(=C(/CCCO)c2ccccc2)c2ccc(O)cc2)cc1.Cl,5.36,0,0,0.0
Nc1cc(O)cc2ncn(-c3ccc(O)cc3)c(=O)c12,4.81,0,0,0.0
CCN(c1ccc(OCCCCCCC(=O)N[C@H](C(=O)N2C[C@H](O)C[C@H]2C(=O)NCc2ccc(-c3scnc3C)cc2)C(C)(C)C)cc1)S(=O)(=O)C1CC2OC1C(c1ccc(O)cc1)=C2c1ccc(O)cc1,5.97,0,0,0.09537708772074213
Oc1ccc(-c2ccc3c(Cl)c(O)ccc3n2)cc1,6.2,0,1,0.5569316504333296
CC1(c2ccc(OCCN3CCCCC3)cc2)c2ccc(O)cc2CCN1c1ccc(Cl)cc1,8.51,1,1,1.0
COc1ccc(-c2cn3c(C)c(C(=O)Nc4ccncc4)sc3n2)cc1,4.72,0,0,0.0
CCCCCc1c(O)cc(O)c2c1O[C@H](c1ccc(O)cc1)CC2=O,6.42,0,0,0.20559923313749542
COc1ccc(CCCc2ccc(O)cc2)c(O)c1,5.09,0,0,0.0
Oc1ccc(-c2nn3c(C(F)(F)F)cc(C(F)(F)F)nc3c2-c2ccccc2)cc1,7.29,1,0,0.019670438365681213
Cc1cccc(OS(=O)(=O)C2CC3OC2C(c2ccc(NC(=O)CCCCCCC(=O)O)cc2)=C3c2ccc(O)cc2)c1,7.09,1,1,1.0
O/N=C/c1ccc(-c2ccc(O)cc2)c2ccoc12,6.81,0,0,0.03237206238673189
C[C@]12CC[C@@H]3c4ccc(O)cc4CC[C@H]3[C@@H]1CC[C@@H]2O,8.33,1,1,1.0
CCCCC12CCC(=O)C(Br)=C1c1ccc(O)cc1C2,6.85,0,0,0.0
Cc1c(O)ccc2c1oc(=O)c1cc(O)ccc12,6.18,0,0,0.0
Cc1cc(C)c2c(c1)c(=O)oc1cc(O)ccc12,6.23,0,0,0.0
COc1ccc(Cn2c(=O)[nH]c3cc(C(=O)NCc4ccc5c(c4)OCO5)ccc3c2=O)cc1,4.72,0,0,0.29825195795073217
CC(C)Cc1c(O)cc(O)c2c1O[C@H](c1ccc(O)cc1)CC2=O,7.1,1,0,0.19547178184802083
C[C@]12CC[C@@H]3c4ccc(O)cc4C[C@@H](CCCCCCCCC[S@+]([O-])CCCC(F)(F)C(F)(F)F)[C@H]3[C@@H]1CC[C@@H]2O,8.7,1,1,1.0
Oc1ccc2c(c1)sc1c3ccccc3n(Cc3ccc(OCCN4CCOCC4)cc3)c21,6.9,0,1,1.0
CC1=C2c3ccc(O)cc3CC2(C)CCC1=O,5.92,0,0,0.0
CC[C@H](C)[C@H](NC(=O)[C@H](CCCCN)NC(=O)[C@H](Cc1cnc[nH]1)NC(C)=O)C(=O)N[C@@H](CC(C)C)C(=O)N[C@@H](Cc1cnc[nH]1)C(=O)N[C@@H](CCCNC(=N)N)C(=O)N[C@@H](CC(C)C)C(=O)N[C@@H](CC(C)C)C(=O)N[C@@H](CCC(N)=O)C(=O)N[C@@H](CC(=O)O)C(=O)N[C@@H](CO)C(N)=O,5.96,0,0,0.3684431195325059
COc1ccc2cc([C@H](C)C(=O)N3CCC(C(=O)NCCSSCCN(C)C)CC3)ccc2c1,4.62,0,1,0.7342806820450761
O=C(/C=C/c1ccc(C(=C2CCCCC2)c2ccc(O)cc2)cc1)NCCCNC(=O)/C=C/c1ccc(C(=C2CCCCC2)c2ccc(O)cc2)cc1,8.78,1,1,1.0
C[C@]12CC[C@@H]3c4ccc(O)cc4C[C@@H](CCCCCCCCC[S@@](=N)(=O)CCCC(F)(F)C(F)(F)F)[C@H]3[C@@H]1CC[C@@H]2O,8.74,1,1,1.0
C=CCC1(C)Oc2c(ccc(O)c2C)-c2c(C)cc(O)c(C)c21,6.8,0,0,0.0
O=C1C2CC=C(Cl)CC2C(=O)N1CCCCCCN1C(=O)C2CC=C(Cl)CC2C1=O,4.61,0,0,0.2596616362094337
Cc1cccc(NC2=NC(=O)/C(=C3/C(=O)N(C)c4ccccc43)S2)c1C,4.48,0,0,0.0
CCc1nc2cc(O)ccc2c(Oc2ccc(/C=C/C(=O)NC(C)C)cc2)c1-c1ccccc1,8.0,1,1,0.7614650285326836
CCN(c1ccc(OCCCCC(=O)N[C@H](C(=O)N2C[C@H](O)C[C@H]2C(=O)NCc2ccc(-c3scnc3C)cc2)C(C)(C)C)cc1)S(=O)(=O)C1CC2OC1C(c1ccc(O)cc1)=C2c1ccc(O)cc1,6.14,0,0,0.12712754689893088
CCC(=C(c1ccc(O)cc1)c1ccc(/C=C/C(=O)NCCCCCCNC(=O)CCc2nc3cc(OC)ccc3[nH]2)cc1)c1ccccc1,8.58,1,1,0.5942892411143355
CC1=CC[C@@]2(C)CC[C@@](O)(C(C)C)[C@@H]2[C@@H](OC(=O)c2ccc(O)cc2)C1,7.48,1,0,0.42715869890247404
C/C(=C/C(=O)C[C@@H](C)[C@]1(C)CC[C@@]2(C)C3=CCC4C(C)(C)C(=O)CC[C@]4(C)[C@@H]3CCC21)C(=O)O,5.08,0,0,0.08378160421703487
C[C@H]1CCN(CCOc2ccc([C@@H]3Oc4ccc(O)c(F)c4[C@@H](C)[C@@H]3c3ccc(O)cc3)cc2)C1,9.1,1,1,1.0
CCN(c1ccccc1Cl)S(=O)(=O)C1CC2OC1C(c1ccc(NC(=O)CCCCCCC(=O)O)cc1)=C2c1ccc(O)cc1,6.14,0,0,0.052942518286724013
CC(C)(F)CN1CCc2cc(O)ccc2C1c1ccc(OCCCCCC(=O)NO)cc1,6.99,0,1,0.8844097647382116
CC1(C)CC(=O)C2=C(C1)OC1=C(C(=O)CCC1)C2c1cc2ccccc2n1Cc1ccccc1,4.74,0,0,0.13063021793668092
COc1ccc2c(c1)c(=O)oc1cc3oc(C)c(C)c3cc12,5.16,0,0,0.0
CC1=C2c3ccc(O)cc3C[C@@]23CCC[C@H](C3)C1=O,6.38,0,0,0.43945947262862606
O=C(/C=C/c1ccc(C(=C2C3CC4CC(C3)CC2C4)c2ccc(O)cc2)cc1)N(CCO)CCO,9.89,1,1,1.0
CCCCOC(=O)c1ccc(O)cc1,5.85,0,0,0.0
C#C[C@]1(O)CC[C@H]2[C@@H]3CCC4=CC(=O)CCC4=C3[C@@H](c3ccc(N(C)CCCOC4CC[C@@]5(C)[C@@H](C4)C[C@@H](O)[C@@H]4[C@@H]5C[C@H](O)[C@]5(C)[C@@H]([C@H](C)CCC(=O)O)CC[C@@H]45)cc3)C[C@@]21C,8.06,1,1,0.9194571192449535
CC[C@@]12CCC(=O)C(c3ccccc3)=C1c1ccc3[nH]ncc3c1C2,7.34,1,0,0.1451956712479365
CC(C)N1CCN(c2ccc(/C(=C(/CCCO)c3ccccc3)c3cccc(O)c3)cc2)CC1,5.71,0,1,1.0
Cl.OCCC/C(=C(\c1ccc(O)cc1)c1ccc2oc(CCN3CCCCC3)cc2c1)c1ccccc1,6.18,0,0,0.0
COc1cc(NC(=O)c2cccs2)c(C(=O)OCC(=O)NCc2ccco2)cc1OC,4.83,0,0,0.0
CC/C(=C(\c1ccccc1)c1cccc(OCCN(C)C)c1)c1ccccc1,6.59,0,1,0.7142857142857143
CC/C(=C(/c1ccc(/C=C/C(=O)O)cc1)c1ccc(-c2cn[nH]c2)cc1)c1ccc(F)cc1Cl,7.61,1,1,0.6077526447584792
O=C(C1=C(O)C(=O)N(c2ccc(O)c(C(=O)O)c2)C1c1ccc([N+](=O)[O-])cc1)c1ccccc1,4.1,0,0,0.3177230809680949
O=S(=O)(Oc1cccc(O)c1)C1CC2OC1C(c1ccc(/C=C/c3cc(O)cc(O)c3)cc1)=C2c1ccc(O)cc1,6.62,0,0,0.19886230048532377
Cl.O=C(c1ccc(OCCN2CCCCC2)cc1)c1c(-c2ccc(O)cc2)sc2cc(O)ccc12,8.7,1,0,0.30537587915664943
Cc1cccc(CN(c2ccc(O)cc2)c2ccc(O)cc2)c1C,8.42,1,1,0.5122701920563543
CN1CCCN(c2ccc([C@@H]3Oc4ccc(O)cc4S[C@@H]3c3ccc(O)cc3)cc2)CC1,8.44,1,1,1.0
C[C@H](COc1ccc(C(=O)c2c(-c3ccc(O)cc3)sc3cc(O)ccc23)cc1)N1CCCC1,9.7,1,1,1.0
C[C@]12CC[C@@H]3c4ccc(O)cc4CC[C@H]3[C@@H]1CC[C@@H]2O,9.0,1,1,1.0
CCCCCCCCCCCCCCNCCOc1ccc(C(=O)c2c(-c3ccc(O)cc3)sc3cc(O)ccc23)cc1,7.55,1,1,0.898516793005442
Cc1cc(C2(c3ccc(O)c(C)c3)c3ccccc3-c3ccccc32)ccc1O,5.01,0,1,1.0
C[C@]12CC[C@@H]3c4ccc(B(O)O)cc4C[C@@H](CCCCCCCCC[S+]([O-])CCCC(F)(F)C(F)(F)F)[C@H]3[C@@H]1CC[C@@H]2O,8.39,1,1,1.0
Oc1cccc(C2CCc3cc(O)ccc3N2Cc2ccc(OCCN3CCCCC3)cc2)c1,9.22,1,1,1.0
CCCC(=O)Oc1ccc(/C(=C(/C)c2ccccc2)c2ccc(OCCN3CCCCC3)cc2)cc1,7.48,1,1,0.9251706484519957
CCOc1ccc(Nc2oc(-c3ccccc3Cl)nc2C#N)cc1,5.02,0,0,0.4063494778560917
N#Cc1cccc(N2CCN(C(=O)CCCCCn3c(=S)[nH]c4ccccc4c3=O)CC2)c1,7.05,1,1,0.8371328805672628
CC(C)CN1[C@@H](c2ccc(/C=C/C(=O)O)cc2)c2ccc(O)cc2CC1(C)C,6.02,0,1,1.0
O=c1c2ccc(O)cc2nc(-c2ccc(O)cc2)n1-c1ccc(O)cc1,4.32,0,0,0.15414196995841736
CC/C(=C(\c1ccc(O)cc1)c1ccc(/C=C/C(=O)O)cc1)c1ccccc1,9.82,1,1,1.0
Cc1cc(C(C)(c2ccccc2)c2ccc(O)c(C)c2)ccc1O,5.32,0,0,0.43261332774509037
O=C(CCCCCCC(=O)Nc1ccc(OS(=O)(=O)C2CC3OC2C(c2ccc(O)cc2)=C3c2ccc(O)cc2)cc1)NO,6.83,0,1,0.60311320331025
C#C[C@]1(O)CC[C@H]2[C@@H]3CCC4=CC(=O)CCC4=C3[C@@H](c3ccc(N(C)CCC[C@H]4[C@H](O)CC[C@@]5(C)[C@@H]4C[C@@H](O)[C@@H]4[C@@H]5C[C@H](O)[C@]5(C)[C@@H]([C@H](C)CCC(=O)O)CC[C@@H]45)cc3)C[C@@]21C,7.34,1,1,0.8635142278107246
CCN(c1ccc(OCCCCCC(=O)Nc2cccc3c2C(=O)N(C2CCC(=O)NC2=O)C3=O)cc1)S(=O)(=O)C1CC2OC1C(c1ccc(O)cc1)=C2c1ccc(O)cc1,6.01,0,0,0.24618253112704708
CN(C)S(=O)(=O)N(CC(=O)N(Cc1ccccc1)Cc1ccccc1)c1ccccc1,4.6,0,0,0.2797773984920765
CCc1c(-c2ccc(O)cc2)oc(-c2ccc(O)cc2)c1-c1ccc(OCCN2CCCCC2)cc1,7.12,1,1,1.0
C[C@@H]1Cc2c([nH]c3ccccc23)[C@@H](c2cnc(N3CCC(CCN4CCC5(CC4)CCN(c4ccc6c(c4)CN(C4CCC(=O)NC4=O)C6=O)CC5)CC3)nc2)N1CC(C)(C)F,8.92,1,1,1.0
CC[C@@]12CCC(=O)C(Cl)=C1c1ccc3[nH]nc(F)c3c1C2,7.09,1,0,0.0
C=CCc1ccc(OC)c(-c2cc(C=O)cc(O)c2O)c1,4.32,0,0,0.1414880735490391
C#CC[C@]12CC[C@H](O)CC1=CCC1C2CC[C@@]2(C)C1CC[C@@H]2O,5.33,0,0,0.0
CC/C(=C(\c1ccc(O)cc1)c1ccc(OCCN(C)C)cc1)c1ccccc1,8.42,1,1,1.0
CCCCC(CCCC)(c1ccc(O)cc1)c1ccc(O)cc1,7.1,1,1,0.9999997507630214
Cc1cc2c(cc1Br)c(=O)oc1c(C)c(O)ccc12,5.16,0,0,0.0
Cn1cc(-c2ccc(C3=C(c4ccc(O)cc4)C4CC(S(=O)(=O)N(CC(F)(F)F)c5ccccc5)C3O4)cc2)cn1,7.11,1,0,0.2690730427584903
CCN(CC)c1ccc2nc3c4ccccc4/c(=N\CCCCC(=O)NCCCOc4ccc(C(=O)c5c(-c6ccc(O)cc6)sc6cc(O)ccc56)cc4)cc-3sc2c1,7.16,1,1,0.7037058725036147
Cc1c(-c2ccc(O)cc2)n(Cc2ccc(OCCN3[C@H](C)CCC[C@@H]3C)cc2)c2ccc(O)cc12,7.16,1,1,0.6645808443368598
CC(C)CCCCCOC(=O)/C=C/c1ccc(C(=C2C3CC4CC(C3)CC2C4)c2ccc(O)cc2)cc1,8.15,1,1,1.0
Cc1c(-c2ccc(O)cc2)n(Cc2ccc(OCCN3CCCCC3)cc2)c2ccc(F)cc12,6.7,0,1,0.9356623025878369
C[C@@]12CCc3c(sc4cc(O)ccc34)[C@H]1CC[C@H]2O,7.89,1,1,1.0
O=C1C(c2ccc(O)cc2)=C(c2ccccc2)c2cc(O)cc(O)c21,8.52,1,0,0.46930206348383185
Oc1ccc(-c2c(-c3ccc(OCCN4CCCCC4)cc3)nn3c(C(F)(F)F)cc(C(F)(F)F)nc23)cc1,6.58,0,1,0.9620931298255158
Cc1c([C@H](C)NC(=O)Cc2c(-c3ccccc3)[nH]c3ccccc23)n(Cc2ccc(OCCN3CCCCC3)cc2)c2ccc(O)cc12,8.7,1,1,0.7000031051980317
N#CCc1cc(O)c(Br)c2cc(-c3ccc(O)cc3)oc12,6.68,0,0,0.2894771657057776
COc1cc(OCCNCCCF)ccc1[C@@H]1c2[nH]c3ccccc3c2C[C@@H](C)N1CC(F)(F)CO,8.8,1,1,1.0
CC/C(=C(\c1ccc(O)cc1)c1cccc(OCCN2CCCCC2)c1)c1ccccc1,7.68,1,1,0.7870659637198776
CCCCCCCCCCCCCCCCNCCOc1ccc(/C(=C(/CC)c2ccccc2)c2ccc(O)cc2)cc1,8.32,1,1,0.5843751289599013
Cc1ccc(-c2nnc(S)n2/N=C/C=C\c2ccccc2[N+](=O)[O-])cc1,5.14,0,0,0.0
COC(=O)CCCCCCC(=O)Nc1ccc(OS(=O)(=O)C2CC3OC2C(c2ccc(O)cc2)=C3c2ccc(O)cc2)cc1,7.22,1,1,0.7589514244330839
CCN(CC)c1ccc2c(c1)oc(=O)c1c(Cl)cc(=O)oc12,4.83,0,0,0.0
Oc1ccc(Cc2ccc(O)cc2)cc1,6.04,0,0,6.928976467440302e-08
O=C1[C@@H](c2ccc(O)cc2)[C@H](c2ccc(O)cc2)N1c1ccc(O)cc1,5.96,0,0,0.0
C=CC(=O)N1CCC2(CCN(Cc3ccccc3)C2)C1,5.05,0,0,0.0
Oc1ccc([C@H]2Sc3cc(O)ccc3O[C@H]2c2ccc(OCCN3CCC4(CCCC4)CC3)cc2)cc1,8.92,1,1,1.0
NCCNC(=O)/C=C/c1ccc(C(=C2C3CC4CC(C3)CC2C4)c2ccc(O)cc2)cc1,9.24,1,1,1.0
COc1cc(/C=C2\SC(=O)NC2=O)ccc1Oc1ccc(C#N)cc1C(F)(F)F,7.27,1,0,0.0
CC1=C2c3ccc(O)cc3CC2(Cc2ccc(Cl)cc2)CCC1=O,5.17,0,0,0.43206571620083506
Cc1cc(C2(c3ccc(O)c(C)c3)CCCC2)ccc1O,7.08,1,0,0.0
O=C(c1ccc(OCCN2CCCCC2)cc1)N1c2ccc(O)cc2CCC1c1ccc(O)cc1,7.06,1,1,0.973829165728631
COc1ccc(OCCNCCCF)cc1[C@@H]1c2[nH]c3ccccc3c2C[C@@H](C)N1CC(F)(F)CO,8.9,1,1,1.0
CCCc1ccc(C(=O)N(c2ccc(O)cc2)c2ccc(O)cc2)cc1,8.43,1,1,0.7703612462823173
C[C@@H]1CCN(CCOc2ccc([C@@H]3Oc4ccc(O)cc4[C@@H](C)[C@@H]3c3ccc(O)cc3)cc2)C1,8.62,1,1,1.0
